day,chau_z,chau_h
0,0,0
1,0.167,0
1.1,0.18,0
2,0.209,0
3,0.339,0
4,0.382,0
5,0.431,0
6,0.421,0
7,0.466,0
8,0.563,0
9,0.597,0
10,0.623,0
11,0.628,0
11.1,0.63,0
12,0.63,0
13,0.606,0
13.9,0.63,0
14,0.63,0
15,0.63,0
16,0.639,0
17,0.655,0
18,0.63,0
19,0.63,0
20,0.63,0
21,0.63,0
22,0.63,0
23,0.63,0
24,0.63,0
25,0.63,0
26,0.63,0
27,0.63,0
28,0.63,0
29,0.63,0
30,0.661,0
31,0.63,0
32,0.63,0
33,0.63,0
34,0.611,0
35,0.569,0
36,0.592,0
37,0.617,0
37.5,0.63,0
38,0.63,0
39,0.577,0
40,0.5,0
41,0.547,0
42,0.598,0
43,0.63,0
43,0.63,0
44,0.63,0
45,0.63,0
46,0.63,0
47,0.63,0
48,0.63,0
49,0.63,0
50,0.596,0
51,0.575,0
52,0.617,0
52.3,0.63,0
53,0.63,0
54,0.63,0
55,0.675,0
56,0.63,0
57,0.63,0
58,0.63,0
59,0.563,0
60,0.588,0
60.6,0.63,0
61,0.631,0
62,0.63,0
63,0.63,0
64,0.63,0
65,0.604,0
66,0.616,0
66.4,0.63,0
67,0.63,0
68,0.63,0
69,0.746,0
70,0.777,0
71,0.73,0
72,0.652,0
72.6,0.63,0
73,0.63,0
73.1,0.63,0
74,0.63,0
75,0.63,0
76,0.63,0
77,0.63,0
78,0.63,0
79,0.569,0
80,0.63,0
80,0.63,0
81,0.644,0
82,0.646,0
83,0.641,0
84,0.635,0
85,0.63,0
86,0.63,0
87,0.63,0
88,0.63,0
89,0.63,0
90,0.63,0
91,0.63,0
